










{
		"regression model": {"title":"Citadel Kensington Global Strategies Fund Ltd.","rsquared":0.097611,"adjRsquared":0.093819,"coeffs":[{"name":"Citadel Kensington Global Strategies Fund Ltd.","sortIndex":0,"coefficient":1.091781,"coeffInterval":1.0},{"name":"S&P 500 Total Return","sortIndex":1,"coefficient":0.222712,"coeffInterval":0.999999}],"scatterplot":{"title":"S&P 500 Total Return","type":"bar","lineWidth":0,"series":[[0.24721,1.56],[1.60575,1.03],[1.14029,1.69],[0.224939,2.46],[-0.383065,1.52],[0.904211,2.03],[-0.236075,2.38],[-3.22042,-1.95],[1.42758,0.3],[1.81065,1.75],[1.34963,5.69],[1.28282,3.92],[0.930936,2.85],[-0.692634,1.81],[0.890848,3.07],[0.861895,5.73],[-0.5256,5.12],[1.23605,3.43],[-0.694861,2.5],[-0.109129,1.71],[-0.610231,2.01],[1.40977,2.54],[0.452105,2.42],[1.31177,1.17],[-1.11801,4.85],[-0.420926,5.25],[2.17812,1.81],[-0.670363,6.05],[-0.45656,3.72],[0.550099,2.24],[-0.347431,2.25],[1.38304,0.94],[-1.17592,3.34],[-0.093539,3.54],[-1.75497,2.35],[0.109129,2.34],[0.790628,2.81],[-2.03113,3.12],[-1.41199,2.95],[1.73047,1.6],[0.149217,-0.68],[-0.54119,-0.22],[-0.218258,1.68],[-1.39418,2.47],[-1.79951,2.04],[0.42538,1.68],[1.7082,-0.1],[0.195987,0.26],[-0.32516,2.21],[-0.429834,0.69],[0.837397,0.47],[-1.34963,1.44],[-0.164807,1.19],[-1.58571,1.13],[-1.73715,0.67],[0.14699,1.16],[-2.42088,1.05],[1.95987,1.07],[1.31177,0.56],[-1.30732,0.93],[-0.583505,3.24],[-0.334068,0.42],[0.216031,0.45],[1.83515,0.65],[1.17369,1.42],[0.285071,0.38],[0.391973,0.0],[0.434288,-0.47],[-0.236075,1.41],[1.26055,0.58],[0.195987,0.9],[1.16701,0.5],[0.40979,2.49],[0.30957,1.2],[-0.336295,1.17],[-0.349658,0.91],[0.305115,1.13],[0.432061,-0.68],[-0.737177,-0.39],[0.0890848,-0.88],[0.240529,0.23],[0.340749,0.2],[0.901984,2.47],[0.757221,1.59],[-0.543417,1.45],[0.467695,0.44],[-0.3942,-0.37],[-0.423153,-3.05],[0.708224,0.06],[0.0311797,2.56],[0.828489,2.2],[-0.202668,-0.93],[0.180397,1.78],[-0.371929,-1.22],[0.841851,1.06],[0.00668136,3.15],[0.590187,6.17],[0.0601322,2.34],[0.276163,0.68],[0.298434,2.7],[-0.641411,-1.57],[0.0311797,-1.18],[0.138081,1.19],[0.530055,1.19],[0.574597,4.52],[0.726041,2.47],[0.423153,2.25],[0.311797,5.98],[0.336295,1.93],[-0.436516,1.94],[0.249437,2.09],[0.986614,4.06],[0.777265,4.43],[-0.369702,2.13],[-0.690407,2.04],[0.334068,-1.71],[0.832943,5.15],[0.354112,3.15],[-0.930936,-1.33],[-0.153671,4.07],[-1.33627,-3.51],[-0.723814,3.35],[-0.0957662,-6.54],[1.08461,1.73],[0.289526,3.87],[-1.87746,0.8],[-0.187078,-2.53],[0.322932,-4.4],[-1.98436,-16.14],[-3.73933,-22.18],[-1.59907,-14.74],[0.236075,-12.46],[-1.87746,5.09],[-2.37188,2.6],[1.95096,2.98],[2.13135,2.13],[1.24496,6.31],[0.0445424,9.87],[1.6837,8.32],[0.80399,5.23],[0.830716,4.41],[-0.414244,0.16],[1.33627,0.53],[0.429834,2.35],[-0.801763,-1.36],[0.690407,0.6],[1.34295,0.32],[0.351885,-0.35],[-1.77947,-1.26],[-1.16478,-1.37],[1.56121,4.06],[-1.00443,0.91],[1.98659,3.07],[0.846306,2.25],[0.00222712,2.61],[1.48772,1.02],[0.527827,3.75],[0.763902,2.66],[0.00890848,1.08],[0.659228,0.5],[-0.251665,1.71],[-0.371929,0.83],[-0.452105,2.46],[-1.20933,1.05],[-1.56567,0.07],[2.43424,2.31],[-0.0489966,-0.14],[0.227166,2.39],[0.99775,3.18],[0.962116,1.77],[0.732722,3.05],[-0.140309,0.86],[-1.3385,-1.38],[0.917573,0.94],[0.30957,2.59],[0.501102,1.83],[0.574597,0.75],[-0.412017,3.18],[0.129173,2.24],[0.202668,3.48],[1.15365,3.21],[0.302888,0.86],[0.83517,0.19],[0.429834,0.63],[0.521146,0.94],[-0.298434,1.26],[1.1336,1.65],[-0.645865,1.78],[0.699316,2.94],[1.02448,1.78],[0.679272,-0.21],[0.563461,2.16],[-0.770584,3.46],[1.01779,0.47],[0.187078,0.13],[0.164807,-0.56],[0.523373,1.48],[0.461014,1.5],[-0.307343,2.51],[0.890848,0.11],[-0.311797,4.31],[0.543417,0.03],[0.599095,1.25],[-0.055678,1.38],[-0.668136,2.64],[1.28059,2.24],[-0.351885,1.73],[0.213804,0.3],[0.287298,0.66],[-0.432061,1.11],[0.467695,2.48],[-1.34295,0.71],[-0.550099,-0.91],[1.87969,0.12],[0.0668136,0.38],[-0.351885,1.37],[-1.10465,-1.84],[-0.0289526,-4.59],[1.50999,-0.88],[0.0868577,1.69],[0.400882,1.53],[0.0579051,-0.51],[0.821807,2.67],[0.0311797,2.42],[0.00445424,1.98],[-0.405336,1.85],[0.824034,-1.28],[0.44097,1.84],[0.423153,1.82],[0.884167,-0.04],[0.0267254,0.73],[0.229393,0.83],[0.314024,1.74],[0.138081,-0.94],[0.458787,2.29],[0.0690407,2.06],[0.458787,0.04],[0.518919,1.95],[0.683726,0.09],[0.24721,1.29]]},"line":{"type":"line","lineWidth":1,"series":[[-3.73933,-2.6475527],[2.43424,3.5260231]]},"correlation":0.0}
	
}