










{
		"regression model": {"title":"Citadel Kensington Global Strategies Fund Ltd.","rsquared":0.169357,"adjRsquared":0.165867,"coeffs":[{"name":"Citadel Kensington Global Strategies Fund Ltd.","sortIndex":0,"coefficient":1.071308,"coeffInterval":1.0},{"name":"MSCI AC World Index Free EX USA - Gross","sortIndex":2,"coefficient":0.304592,"coeffInterval":1.0}],"scatterplot":{"title":"MSCI AC World ex US Gross (LCL)","type":"bar","lineWidth":0,"series":[[1.06484,1.56],[1.76631,1.03],[1.59253,1.69],[-0.16557,2.46],[-0.108736,1.52],[0.0694713,2.03],[0.462834,2.38],[-4.4938,-1.95],[-1.67916,0.3],[2.04343,1.75],[2.36631,5.69],[0.324351,3.92],[0.752656,2.85],[0.0722584,1.81],[1.57221,3.07],[1.75783,5.73],[-1.05405,5.12],[1.56347,3.43],[-0.208128,2.5],[0.0334472,1.71],[-0.251502,2.01],[1.17487,2.54],[1.75196,2.42],[2.83574,1.17],[-1.03408,4.85],[1.36977,5.25],[0.63911,1.81],[-0.586117,6.05],[-0.694978,3.72],[0.611487,2.24],[-0.472645,2.25],[0.856083,0.94],[-1.49582,3.34],[-0.216732,3.54],[-1.43452,2.35],[-0.105502,2.34],[0.834393,2.81],[-2.04345,3.12],[-1.08095,2.95],[1.84774,1.6],[-0.471843,-0.68],[-0.805439,-0.22],[-1.10569,1.68],[-1.58434,2.47],[-3.21728,2.04],[1.22861,1.68],[1.58861,-0.1],[0.743095,0.26],[-0.60152,2.21],[0.146704,0.69],[1.37907,0.47],[-0.579654,1.44],[-0.462346,1.19],[-2.35149,1.13],[-2.94573,0.67],[-0.0144955,1.16],[-3.18134,1.05],[1.60623,1.07],[1.40941,0.56],[-2.03444,0.93],[-1.46302,3.24],[-0.54599,0.42],[-0.716839,0.45],[2.43908,0.65],[1.03039,1.42],[1.05202,0.38],[1.35412,0.0],[1.09,-0.47],[-0.580226,1.41],[1.67546,0.58],[0.122032,0.9],[1.22304,0.5],[0.551494,2.49],[0.807275,1.2],[-0.00585121,1.17],[0.120609,0.91],[-0.370399,1.13],[0.681628,-0.68],[-0.654958,-0.39],[0.0935432,-0.88],[0.579294,0.23],[0.286816,0.2],[0.849565,2.47],[0.981962,1.59],[0.23258,1.45],[1.06584,0.44],[-0.235194,-0.37],[-0.843851,-3.05],[1.24241,0.06],[1.06608,2.56],[1.26708,2.2],[0.40981,-0.93],[1.93942,1.78],[-0.791321,-1.22],[1.48466,1.06],[1.40846,3.15],[1.31299,6.17],[0.16469,2.34],[1.03856,0.68],[0.377728,2.7],[-1.78444,-1.57],[0.26519,-1.18],[0.25978,1.19],[0.855069,1.19],[0.362991,4.52],[0.883335,2.47],[0.380551,2.25],[1.23999,5.98],[0.457707,1.93],[-0.152646,1.94],[0.663563,2.09],[0.906122,4.06],[1.07617,4.43],[0.156874,2.13],[-0.524507,2.04],[-0.401407,-1.71],[1.025,5.15],[1.1413,3.15],[-1.40655,-1.33],[-0.203672,4.07],[-3.29401,-3.51],[0.268799,3.35],[-1.11892,-6.54],[2.2418,1.73],[0.564016,3.87],[-2.60694,0.8],[-0.877609,-2.53],[-0.0270021,-4.4],[-3.74804,-16.14],[-5.1325,-22.18],[-1.37387,-14.74],[0.452276,-12.46],[-1.66886,5.09],[-2.02887,2.6],[1.64449,2.98],[3.48435,2.13],[2.22629,6.31],[-0.149966,9.87],[2.40227,8.32],[0.972102,5.23],[0.977152,4.41],[-0.624441,0.16],[0.368072,0.53],[1.53558,2.35],[-1.16739,-1.36],[0.213153,0.6],[2.11761,0.32],[-0.211963,-0.35],[-1.96985,-1.26],[-0.72191,-1.37],[1.50979,4.06],[-0.620585,0.91],[1.72287,3.07],[0.603071,2.25],[-0.231551,2.61],[1.42046,1.02],[0.202663,3.75],[0.508995,2.66],[-0.299655,1.08],[0.439164,0.5],[-0.404367,1.71],[-0.459855,0.83],[-0.867152,2.46],[-2.36644,1.05],[-1.64203,0.07],[2.06304,2.31],[-0.799195,-0.14],[0.0581101,2.39],[1.45831,3.18],[1.53682,1.77],[-0.0380618,3.05],[-0.603165,0.86],[-2.17068,-1.38],[1.26581,0.94],[0.45369,2.59],[0.38622,1.83],[0.719885,0.75],[0.254904,3.18],[0.703087,2.24],[1.0077,3.48],[1.37836,3.21],[0.34863,0.86],[0.296944,0.19],[0.90688,0.63],[0.253262,0.94],[-1.19573,1.26],[1.08885,1.65],[-0.275915,1.78],[1.30951,2.94],[1.08737,1.78],[0.352212,-0.21],[0.288762,2.16],[-1.00588,3.46],[1.04343,0.47],[0.0501419,0.13],[0.236086,-0.56],[0.733707,1.48],[0.291357,1.5],[0.20817,2.51],[0.386871,0.11],[-0.331996,4.31],[-0.0111633,0.03],[0.865644,1.25],[-0.474886,1.38],[0.752156,2.64],[1.66433,2.24],[0.277788,1.73],[0.6933,0.3],[0.160715,0.66],[-1.16255,1.11],[0.488751,2.48],[-2.19192,0.71],[-1.24124,-0.91],[2.13467,0.12],[0.118544,0.38],[-0.724381,1.37],[-1.65382,-1.84],[-0.78547,-4.59],[1.29929,-0.88],[0.362867,1.69],[0.405784,1.53],[-0.712754,-0.51],[1.39829,2.67],[0.41783,2.42],[0.132875,1.98],[0.322136,1.85],[0.166871,-1.28],[1.01234,1.84],[0.315426,1.82],[0.579063,-0.04],[0.700796,0.73],[0.489187,0.83],[0.62265,1.74],[-0.0536143,-0.94],[0.506509,2.29],[0.162948,2.06],[0.682125,0.04],[0.97252,1.95],[-0.154489,0.09],[0.473379,1.29]]},"line":{"type":"line","lineWidth":1,"series":[[-5.1325,-4.0611954],[3.48435,4.55566]]},"correlation":0.0}
	
}