










{
		"regression model": {"title":"Citadel Kensington Global Strategies Fund Ltd.","rsquared":0.00148,"adjRsquared":-0.027888,"coeffs":[{"name":"Citadel Kensington Global Strategies Fund Ltd.","sortIndex":0,"coefficient":0.802269,"coeffInterval":0.994368},{"name":"S&P 500 Total Return","sortIndex":1,"coefficient":0.020197,"coeffInterval":0.17628801}],"scatterplot":{"title":"S&P 500 Total Return","type":"bar","lineWidth":0,"series":[[-0.060591,2.64],[0.116133,2.24],[-0.0319113,1.73],[0.0193891,0.3],[0.0260541,0.66],[-0.0391822,1.11],[0.0424137,2.48],[-0.121788,0.71],[-0.0498866,-0.91],[0.170463,0.12],[0.0060591,0.38],[-0.0319113,1.37],[-0.100177,-1.84],[-0.00262561,-4.59],[0.136936,-0.88],[0.00787683,1.69],[0.0363546,1.53],[0.00525122,-0.51],[0.0745269,2.67],[0.00282758,2.42],[4.0394E-4,1.98],[-0.0367585,1.85],[0.0747289,-1.28],[0.0399901,1.84],[0.0383743,1.82],[0.0801821,-0.04],[0.00242364,0.73],[0.0208029,0.83],[0.0284778,1.74],[0.0125221,-0.94],[0.0416058,2.29],[0.00626107,2.06],[0.0416058,0.04],[0.047059,1.95],[0.0620048,0.09],[0.0224187,1.29]]},"line":{"type":"line","lineWidth":1,"series":[[-0.121788,0.68048334],[0.170463,0.97272956]]},"correlation":0.0}
	
}