










{
		"regression model": {"title":"Citadel Kensington Global Strategies Fund Ltd.","rsquared":0.001654,"adjRsquared":-0.015559,"coeffs":[{"name":"Citadel Kensington Global Strategies Fund Ltd.","sortIndex":0,"coefficient":1.074158,"coeffInterval":0.999997},{"name":"S&P 500 Total Return","sortIndex":1,"coefficient":-0.021303,"coeffInterval":0.24233198}],"scatterplot":{"title":"S&P 500 Total Return","type":"bar","lineWidth":0,"series":[[-0.11035,3.21],[-0.0289721,0.86],[-0.0798862,0.19],[-0.0411148,0.63],[-0.049849,0.94],[0.028546,1.26],[-0.108432,1.65],[0.0617787,1.78],[-0.0668914,2.94],[-0.0979938,1.78],[-0.0649741,-0.21],[-0.0538966,2.16],[0.0737084,3.46],[-0.0973547,0.47],[-0.0178945,0.13],[-0.0157642,-0.56],[-0.050062,1.48],[-0.0440972,1.5],[0.0293981,2.51],[-0.085212,0.11],[0.0298242,4.31],[-0.0519793,0.03],[-0.0573051,1.25],[0.00532575,1.38],[0.063909,2.64],[-0.122492,2.24],[0.0336587,1.73],[-0.0204509,0.3],[-0.0274809,0.66],[0.0413278,1.11],[-0.0447363,2.48],[0.128457,0.71],[0.0526184,-0.91],[-0.179797,0.12],[-0.0063909,0.38],[0.0336587,1.37],[0.105663,-1.84],[0.00276939,-4.59],[-0.144434,-0.88],[-0.00830817,1.69],[-0.0383454,1.53],[-0.00553878,-0.51],[-0.0786081,2.67],[-0.00298242,2.42],[-4.2606E-4,1.98],[0.0387715,1.85],[-0.0788211,-1.28],[-0.0421799,1.84],[-0.0404757,1.82],[-0.0845729,-0.04],[-0.00255636,0.73],[-0.0219421,0.83],[-0.0300372,1.74],[-0.0132079,-0.94],[-0.0438842,2.29],[-0.00660393,2.06],[-0.0438842,0.04],[-0.049636,1.95],[-0.0654002,0.09],[-0.0236463,1.29]]},"line":{"type":"line","lineWidth":1,"series":[[-0.179797,0.8943585],[0.128457,1.2026166]]},"correlation":0.0}
	
}