










{
		"regression model": {"title":"Citadel Kensington Global Strategies Fund Ltd.","rsquared":0.206736,"adjRsquared":0.200014,"coeffs":[{"name":"Citadel Kensington Global Strategies Fund Ltd.","sortIndex":0,"coefficient":0.447205,"coeffInterval":0.83028},{"name":"S&P 500 Total Return","sortIndex":1,"coefficient":0.407663,"coeffInterval":1.0}],"scatterplot":{"title":"S&P 500 Total Return","type":"bar","lineWidth":0,"series":[[-2.44598,-3.51],[-1.3249,3.35],[-0.175295,-6.54],[1.98532,1.73],[0.529962,3.87],[-3.4366,0.8],[-0.342437,-2.53],[0.591111,-4.4],[-3.63228,-16.14],[-6.84466,-22.18],[-2.92702,-14.74],[0.432123,-12.46],[-3.4366,5.09],[-4.34161,2.6],[3.57113,2.98],[3.90133,2.13],[2.27884,6.31],[0.0815326,9.87],[3.08193,8.32],[1.47166,5.23],[1.52058,4.41],[-0.758253,0.16],[2.44598,0.53],[0.78679,2.35],[-1.46759,-1.36],[1.26376,0.6],[2.45821,0.32],[0.644108,-0.35],[-3.25723,-1.26],[-2.13208,-1.37],[2.85772,4.06],[-1.83856,0.91],[3.63635,3.07],[1.54912,2.25],[0.00407663,2.61],[2.72319,1.02],[0.966161,3.75],[1.39828,2.66],[0.0163065,1.08],[1.20668,0.5],[-0.460659,1.71],[-0.680797,0.83],[-0.827556,2.46],[-2.21361,1.05],[-2.86587,0.07],[4.45576,2.31],[-0.0896859,-0.14],[0.415816,2.39],[1.82633,3.18],[1.7611,1.77],[1.34121,3.05],[-0.256828,0.86],[-2.45005,-1.38],[1.67957,0.94],[0.566652,2.59],[0.917242,1.83],[1.05177,0.75],[-0.754177,3.18],[0.236445,2.24],[0.370973,3.48],[2.11169,3.21],[0.554422,0.86],[1.52874,0.19],[0.78679,0.63],[0.953931,0.94],[-0.546268,1.26],[2.075,1.65],[-1.18222,1.78],[1.28006,2.94],[1.87525,1.78],[1.24337,-0.21],[1.03139,2.16],[-1.41051,3.46],[1.86302,0.47],[0.342437,0.13],[0.301671,-0.56],[0.958008,1.48],[0.843862,1.5],[-0.562575,2.51],[1.63065,0.11],[-0.570728,4.31],[0.994698,0.03],[1.09661,1.25],[-0.101916,1.38],[-1.22299,2.64],[2.34406,2.24],[-0.644108,1.73],[0.391356,0.3],[0.525885,0.66],[-0.790866,1.11],[0.856092,2.48],[-2.45821,0.71],[-1.00693,-0.91],[3.44068,0.12],[0.122299,0.38],[-0.644108,1.37],[-2.02201,-1.84],[-0.0529962,-4.59],[2.76396,-0.88],[0.158989,1.69],[0.733793,1.53],[0.105992,-0.51],[1.50428,2.67],[0.0570728,2.42],[0.00815326,1.98],[-0.741947,1.85],[1.50835,-1.28],[0.807173,1.84],[0.77456,1.82],[1.61842,-0.04],[0.0489196,0.73],[0.419893,0.83],[0.574805,1.74],[0.252751,-0.94],[0.839786,2.29],[0.126376,2.06],[0.839786,0.04],[0.949855,1.95],[1.25153,0.09],[0.452506,1.29]]},"line":{"type":"line","lineWidth":1,"series":[[-6.84466,-6.397463],[4.45576,4.9029703]]},"correlation":0.0}
	
}