










{
		"regression model": {"title":"Citadel Kensington Global Strategies Fund Ltd.","rsquared":0.299679,"adjRsquared":0.293744,"coeffs":[{"name":"Citadel Kensington Global Strategies Fund Ltd.","sortIndex":0,"coefficient":0.554009,"coeffInterval":0.931964},{"name":"MSCI AC World Index Free EX USA - Gross","sortIndex":2,"coefficient":0.511783,"coeffInterval":1.0}],"scatterplot":{"title":"MSCI AC World ex US Gross (LCL)","type":"bar","lineWidth":0,"series":[[-5.53468,-3.51],[0.451643,3.35],[-1.88003,-6.54],[3.76673,1.73],[0.947674,3.87],[-4.38024,0.8],[-1.47458,-2.53],[-0.0453696,-4.4],[-6.29754,-16.14],[-8.62375,-22.18],[-2.3084,-14.74],[0.759926,-12.46],[-2.80406,5.09],[-3.40895,2.6],[2.76311,2.98],[5.85449,2.13],[3.74067,6.31],[-0.251976,9.87],[4.03635,8.32],[1.63335,5.23],[1.64184,4.41],[-1.0492,0.16],[0.618444,0.53],[2.58011,2.35],[-1.96148,-1.36],[0.358146,0.6],[3.55806,0.32],[-0.356145,-0.35],[-3.30979,-1.26],[-1.21297,-1.37],[2.53678,4.06],[-1.04272,0.91],[2.8948,3.07],[1.01329,2.25],[-0.389057,2.61],[2.38669,1.02],[0.34052,3.75],[0.855225,2.66],[-0.503487,1.08],[0.737894,0.5],[-0.679428,1.71],[-0.772659,0.83],[-1.45701,2.46],[-3.97614,1.05],[-2.75897,0.07],[3.46637,2.31],[-1.34283,-0.14],[0.097638,2.39],[2.45028,3.18],[2.58221,1.77],[-0.0639524,3.05],[-1.01345,0.86],[-3.64724,-1.38],[2.12685,0.94],[0.762301,2.59],[0.648936,1.83],[1.20957,0.75],[0.428296,3.18],[1.18134,2.24],[1.69316,3.48],[2.31595,3.21],[0.585777,0.86],[0.498932,0.19],[1.52376,0.63],[0.425537,0.94],[-2.0091,1.26],[1.82952,1.65],[-0.463599,1.78],[2.20027,2.94],[1.82703,1.78],[0.591795,-0.21],[0.485186,2.16],[-1.69011,3.46],[1.7532,0.47],[0.0842497,0.13],[0.396678,-0.56],[1.23279,1.48],[0.489546,1.5],[0.349773,2.51],[0.650031,0.11],[-0.557828,4.31],[-0.0187568,0.03],[1.45448,1.25],[-0.797916,1.38],[1.26379,2.64],[2.79645,2.24],[0.466746,1.73],[1.1649,0.3],[0.270037,0.66],[-1.95334,1.11],[0.821212,2.48],[-3.68292,0.71],[-2.08556,-0.91],[3.58673,0.12],[0.199181,0.38],[-1.21712,1.37],[-2.77879,-1.84],[-1.31977,-4.59],[2.18309,-0.88],[0.609697,1.69],[0.681808,1.53],[-1.19759,-0.51],[2.34944,2.67],[0.702049,2.42],[0.22326,1.98],[0.541262,1.85],[0.28038,-1.28],[1.70096,1.84],[0.529987,1.82],[0.972956,-0.04],[1.17749,0.73],[0.821944,0.83],[1.04619,1.74],[-0.090084,-0.94],[0.851049,2.29],[0.273789,2.06],[1.14612,0.04],[1.63405,1.95],[-0.259576,0.09],[0.795382,1.29]]},"line":{"type":"line","lineWidth":1,"series":[[-8.62375,-8.0697365],[5.85449,6.408495]]},"correlation":0.0}
	
}