










{
		"regression model": {"title":"Citadel Kensington Global Strategies Fund Ltd.","rsquared":0.076126,"adjRsquared":0.060197,"coeffs":[{"name":"Citadel Kensington Global Strategies Fund Ltd.","sortIndex":0,"coefficient":0.911621,"coeffInterval":0.999988},{"name":"MSCI AC World Index Free EX USA - Gross","sortIndex":2,"coefficient":0.150464,"coeffInterval":0.967144}],"scatterplot":{"title":"MSCI AC World ex US Gross (LCL)","type":"bar","lineWidth":0,"series":[[0.680889,3.21],[0.172218,0.86],[0.146686,0.19],[0.447985,0.63],[0.125108,0.94],[-0.590674,1.26],[0.537877,1.65],[-0.136298,1.78],[0.646879,2.94],[0.537146,1.78],[0.173988,-0.21],[0.142644,2.16],[-0.496892,3.46],[0.51544,0.47],[0.0247694,0.13],[0.116623,-0.56],[0.362441,1.48],[0.143926,1.5],[0.102833,2.51],[0.191109,0.11],[-0.164001,4.31],[-0.00551451,0.03],[0.427616,1.25],[-0.234587,1.38],[0.371554,2.64],[0.822155,2.24],[0.137223,1.73],[0.34248,0.3],[0.0793908,0.66],[-0.57428,1.11],[0.241436,2.48],[-1.08278,0.71],[-0.613153,-0.91],[1.0545,0.12],[0.0585591,0.38],[-0.357833,1.37],[-0.816962,-1.84],[-0.388011,-4.59],[0.641828,-0.88],[0.179251,1.69],[0.200451,1.53],[-0.35209,-0.51],[0.690734,2.67],[0.206402,2.42],[0.0656384,1.98],[0.159131,1.85],[0.0824317,-1.28],[0.500082,1.84],[0.155816,1.82],[0.286049,-0.04],[0.346183,0.73],[0.241651,0.83],[0.30758,1.74],[-0.0264847,-0.94],[0.250208,2.29],[0.0804937,2.06],[0.33696,0.04],[0.48041,1.95],[-0.0763153,0.09],[0.233842,1.29]]},"line":{"type":"line","lineWidth":1,"series":[[-1.08278,-0.17115676],[1.0545,1.9661193]]},"correlation":0.0}
	
}