










{
		"regression model": {"title":"Citadel Kensington Global Strategies Fund Ltd.","rsquared":0.164401,"adjRsquared":0.139824,"coeffs":[{"name":"Citadel Kensington Global Strategies Fund Ltd.","sortIndex":0,"coefficient":0.654171,"coeffInterval":0.98862},{"name":"MSCI AC World Index Free EX USA - Gross","sortIndex":2,"coefficient":0.212397,"coeffInterval":0.985846}],"scatterplot":{"title":"MSCI AC World ex US Gross (LCL)","type":"bar","lineWidth":0,"series":[[0.524491,2.64],[1.16056,2.24],[0.193706,1.73],[0.48345,0.3],[0.112069,0.66],[-0.810662,1.11],[0.340814,2.48],[-1.52846,0.71],[-0.865535,-0.91],[1.48854,0.12],[0.0826628,0.38],[-0.505123,1.37],[-1.15323,-1.84],[-0.547721,-4.59],[0.906013,-0.88],[0.253033,1.69],[0.28296,1.53],[-0.497015,-0.51],[0.975049,2.67],[0.29136,2.42],[0.0926561,1.98],[0.224631,1.85],[0.116362,-1.28],[0.705923,1.84],[0.219952,1.82],[0.40379,-0.04],[0.488677,0.73],[0.341118,0.83],[0.434184,1.74],[-0.0373861,-0.94],[0.353197,2.29],[0.113626,2.06],[0.475657,0.04],[0.678154,1.95],[-0.107728,0.09],[0.330095,1.29]]},"line":{"type":"line","lineWidth":1,"series":[[-1.52846,-0.874289],[1.48854,2.1427097]]},"correlation":0.0}
	
}