










{
		"regression model": {"title":"Citadel Kensington Global Strategies Fund Ltd.","rsquared":0.554516,"adjRsquared":0.542995,"coeffs":[{"name":"HFRI FOF:  Diversified","sortIndex":3,"coefficient":2.342901,"coeffInterval":1.0},{"name":"Citadel Kensington Global Strategies Fund Ltd.","sortIndex":0,"coefficient":0.620624,"coeffInterval":0.986622},{"name":"MSCI AC World Index Free EX USA - Gross","sortIndex":2,"coefficient":-0.008018,"coeffInterval":0.040562987},{"name":"S&P 500 Total Return","sortIndex":1,"coefficient":-0.118478,"coeffInterval":0.64705}],"scatterplot":{"title":"Actual vs Predicted","type":"bar","lineWidth":0,"series":[[-5.83283,-3.51],[3.28317,3.35],[-5.98771,-6.54],[1.63661,1.73],[4.1655,3.87],[-0.830356,0.8],[-5.99235,-2.53],[-3.42771,-4.4],[-14.1448,-16.14],[-11.277,-22.18],[-5.29842,-14.74],[-4.16728,-12.46],[3.64332,5.09],[0.823189,2.6],[-1.01087,2.98],[0.648765,2.13],[5.9798,6.31],[1.05799,9.87],[2.48513,8.32],[2.24104,5.23],[3.49186,4.41],[0.143091,0.16],[1.15376,0.53],[1.62867,2.35],[0.176103,-1.36],[-0.0917447,0.6],[2.88476,0.32],[1.85671,-0.35],[-4.39018,-1.26],[-1.75112,-1.37],[0.629183,4.06],[0.902107,0.91],[3.5602,3.07],[2.79054,2.25],[-0.0419475,2.61],[4.25527,1.02],[0.323027,3.75],[1.6654,2.66],[-0.160854,1.08],[2.23836,0.5],[-2.17495,1.71],[-2.83581,0.83],[1.05992,2.46],[-5.03448,1.05],[-4.44226,0.07],[0.431333,2.31],[-1.92093,-0.14],[-1.2704,2.39],[3.10919,3.18],[2.54035,1.77],[-0.0607846,3.05],[-0.565494,0.86],[-2.01886,-1.38],[-1.48204,0.94],[1.93198,2.59],[1.26957,1.83],[1.19826,0.75],[-0.279535,3.18],[0.96708,2.24],[2.51314,3.48],[4.15295,3.21],[0.438847,0.86],[1.72679,0.19],[1.76236,0.63],[1.16869,0.94],[-2.87896,1.26],[1.52375,1.65],[-1.28918,1.78],[2.42842,2.94],[2.26129,1.78],[2.34714,-0.21],[3.25386,2.16],[-0.664751,3.46],[3.10944,0.47],[-1.53001,0.13],[-1.68706,-0.56],[2.49031,1.48],[2.11341,1.5],[-0.849428,2.51],[1.41365,0.11],[0.127751,4.31],[-1.69453,0.03],[2.86828,1.25],[0.674704,1.38],[0.733928,2.64],[3.56245,2.24],[1.58562,1.73],[-0.178847,0.3],[2.04526,0.66],[-2.31674,1.11],[0.886352,2.48],[-3.16395,0.71],[-3.79819,-0.91],[0.490168,0.12],[1.01564,0.38],[-1.41034,1.37],[-4.00776,-1.84],[-2.47083,-4.59],[-0.392332,-0.88],[0.904831,1.69],[0.853792,1.53],[-0.972631,-0.51],[2.73578,2.67],[0.651856,2.42],[0.228423,1.98],[-0.636294,1.85],[0.424112,-1.28],[2.33939,1.84],[1.52376,1.82],[1.55272,-0.04],[0.576489,0.73],[0.802251,0.83],[0.378852,1.74],[-0.681199,-0.94],[1.85121,2.29],[2.20817,2.06],[0.932859,0.04],[2.60354,1.95],[-0.734525,0.09],[1.66006,1.29]]},"line":{"type":"line","lineWidth":1,"series":[[-14.1448,-13.5241785],[5.9798,6.600424]]},"correlation":0.0}
	
}