










{
		"regression model": {"title":"Citadel Kensington Global Strategies Fund Ltd.","rsquared":0.445585,"adjRsquared":0.415884,"coeffs":[{"name":"HFRI FOF:  Diversified","sortIndex":3,"coefficient":1.178353,"coeffInterval":0.999882},{"name":"Citadel Kensington Global Strategies Fund Ltd.","sortIndex":0,"coefficient":1.074852,"coeffInterval":1.0},{"name":"MSCI AC World Index Free EX USA - Gross","sortIndex":2,"coefficient":0.22177,"coeffInterval":0.94783497},{"name":"S&P 500 Total Return","sortIndex":1,"coefficient":-0.473887,"coeffInterval":0.999998}],"scatterplot":{"title":"Actual vs Predicted","type":"bar","lineWidth":0,"series":[[0.964456,3.21],[-0.084281,0.86],[-0.465007,0.19],[0.759071,0.63],[-0.193919,0.94],[-1.77923,1.26],[-0.535219,1.65],[0.348535,1.78],[0.891242,2.94],[0.0376303,1.78],[0.177976,-0.21],[0.802407,2.16],[0.35345,3.46],[0.444061,0.47],[-1.08035,0.13],[-0.980065,-0.56],[0.82281,1.48],[0.421325,1.5],[0.298839,2.51],[-0.659405,0.11],[0.398152,4.31],[-1.87142,0.03],[0.969853,1.25],[0.0908677,1.38],[2.16962,2.64],[0.643316,2.24],[1.65801,1.73],[0.0262854,0.3],[0.613352,0.66],[-1.22328,1.11],[-0.0619154,2.48],[-0.718009,0.71],[-1.80713,-0.91],[-1.66766,0.12],[0.474403,0.38],[-0.591736,1.37],[-1.18679,-1.84],[-1.77112,-4.59],[-2.04307,-0.88],[0.562508,1.69],[-0.0155078,1.53],[-1.12528,-0.51],[0.883778,2.67],[0.579596,2.42],[0.205103,1.98],[0.672811,1.85],[-1.19589,-1.28],[1.10675,1.84],[0.213038,1.82],[-0.434555,-0.04],[0.759747,0.73],[0.339409,0.83],[0.0679685,1.74],[-0.639218,-0.94],[0.453094,2.29],[1.10295,2.06],[0.1214,0.04],[1.06508,1.95],[-1.75585,0.09],[0.725979,1.29]]},"line":{"type":"line","lineWidth":1,"series":[[-2.04307,-0.9682213],[2.16962,3.2444725]]},"correlation":0.0}
	
}