










{
		"regression model": {"title":"Citadel Kensington Global Strategies Fund Ltd.","rsquared":0.288746,"adjRsquared":0.279705,"coeffs":[{"name":"HFRI FOF:  Diversified","sortIndex":3,"coefficient":0.888869,"coeffInterval":1.0},{"name":"Citadel Kensington Global Strategies Fund Ltd.","sortIndex":0,"coefficient":0.908883,"coeffInterval":1.0},{"name":"MSCI AC World Index Free EX USA - Gross","sortIndex":2,"coefficient":0.107459,"coeffInterval":0.733105},{"name":"S&P 500 Total Return","sortIndex":1,"coefficient":-0.057305,"coeffInterval":0.527991}],"scatterplot":{"title":"Actual vs Predicted","type":"bar","lineWidth":0,"series":[[-0.799022,1.56],[2.30771,1.03],[4.57056,1.69],[0.737024,2.46],[-1.23755,1.52],[-0.972576,2.03],[0.0551443,2.38],[-7.6455,-1.95],[-3.61745,0.3],[-1.54938,1.75],[0.665333,5.69],[2.55762,3.92],[1.46597,2.85],[-0.0451723,1.81],[2.28096,3.07],[3.63387,5.73],[0.598912,5.12],[3.19348,3.43],[0.487579,2.5],[0.226542,1.71],[-0.669474,2.01],[1.20728,2.54],[5.25721,2.42],[7.53387,1.17],[1.44282,4.85],[5.39145,5.25],[-0.326078,1.81],[-3.78532,6.05],[-1.72767,3.72],[2.74968,2.24],[-0.406233,2.25],[1.32391,0.94],[-1.35401,3.34],[-1.05682,3.54],[-1.05006,2.35],[0.841346,2.34],[1.64646,2.81],[-0.571626,3.12],[-0.124704,2.95],[0.739937,1.6],[0.692899,-0.68],[-0.127127,-0.22],[-0.84058,1.68],[0.226436,2.47],[-2.43198,2.04],[0.857317,1.68],[0.467586,-0.1],[1.14505,0.26],[0.271442,2.21],[0.0734683,0.69],[0.902162,0.47],[0.729422,1.44],[0.341503,1.19],[-1.20379,1.13],[-1.88112,0.67],[0.25928,1.16],[-0.828342,1.05],[-0.195385,1.07],[0.888581,0.56],[0.294176,0.93],[0.336197,3.24],[0.151106,0.42],[-0.246263,0.45],[1.41051,0.65],[1.90148,1.42],[0.911119,0.38],[0.545757,0.0],[1.01945,-0.47],[0.887129,1.41],[1.60005,0.58],[0.5615,0.9],[1.46451,0.5],[1.45798,2.49],[1.17402,1.2],[0.475569,1.17],[-0.498578,0.91],[-0.991388,1.13],[0.449297,-0.68],[-0.548043,-0.39],[0.00119104,-0.88],[0.871356,0.23],[0.706829,0.2],[2.41425,2.47],[1.49379,1.59],[0.239655,1.45],[1.51788,0.44],[-0.443758,-0.37],[-1.53102,-3.05],[0.451638,0.06],[1.52362,2.56],[1.83381,2.2],[0.952266,-0.93],[1.99777,1.78],[-1.52567,-1.22],[1.81825,1.06],[2.28181,3.15],[2.83575,6.17],[0.353734,2.34],[1.77087,0.68],[1.58533,2.7],[-2.21558,-1.57],[-0.474452,-1.18],[-0.139431,1.19],[0.885263,1.19],[0.0513247,4.52],[1.57368,2.47],[1.60756,2.25],[1.94831,5.98],[1.22159,1.93],[0.787337,1.94],[1.19212,2.09],[1.55912,4.06],[2.09074,4.43],[0.621571,2.13],[0.161486,2.04],[-2.16531,-1.71],[1.81837,5.15],[3.04036,3.15],[-1.56333,-1.33],[0.261013,4.07],[-3.33378,-3.51],[1.38327,3.35],[-2.67228,-6.54],[1.37403,1.73],[1.76889,3.87],[-1.15662,0.8],[-2.58143,-2.53],[-1.32815,-4.4],[-6.61602,-16.14],[-5.93291,-22.18],[-2.41986,-14.74],[-1.43004,-12.46],[0.880957,5.09],[-0.292141,2.6],[0.104844,2.98],[1.39195,2.13],[3.00726,6.31],[0.344511,9.87],[1.72092,8.32],[1.15828,5.23],[1.63318,4.41],[-0.149268,0.16],[0.49712,0.53],[1.15113,2.35],[-0.312218,-1.36],[0.00421859,0.6],[1.78817,0.32],[0.607994,-0.35],[-2.28149,-1.26],[-0.861629,-1.37],[0.699816,4.06],[0.172836,0.91],[1.86551,3.07],[1.23053,2.25],[-0.100041,2.61],[2.04718,1.02],[0.166792,3.75],[0.774109,2.66],[-0.17023,1.08],[0.971957,0.5],[-0.957885,1.71],[-1.22207,0.83],[0.112616,2.46],[-2.70143,1.05],[-2.19418,0.07],[0.777029,2.31],[-1.016,-0.14],[-0.473496,2.39],[1.65328,3.18],[1.46793,1.77],[-0.0775199,3.05],[-0.425576,0.86],[-1.47916,-1.38],[-0.153959,0.94],[0.880388,2.59],[0.593974,1.83],[0.683891,0.75],[0.00928097,3.18],[0.614801,2.24],[1.30779,3.48],[2.01162,3.21],[0.276167,0.86],[0.716515,0.19],[0.973773,0.63],[0.506355,0.94],[-1.50948,1.26],[0.91022,1.65],[-0.553366,1.78],[1.35758,2.94],[1.19555,1.78],[0.980567,-0.21],[1.30797,2.16],[-0.574366,3.46],[1.50176,0.47],[-0.572656,0.13],[-0.563546,-0.56],[1.18194,1.48],[0.881926,1.5],[-0.229691,2.51],[0.627251,0.11],[-0.0546775,4.31],[-0.677084,0.03],[1.369,1.25],[0.0867826,1.38],[0.588381,2.64],[1.8843,2.24],[0.721866,1.73],[0.171804,0.3],[0.818313,0.66],[-1.27673,1.11],[0.487635,2.48],[-1.92105,0.71],[-1.86077,-0.91],[0.856104,0.12],[0.424622,0.38],[-0.778337,1.37],[-2.05919,-1.84],[-1.22075,-4.59],[0.238741,-0.88],[0.470105,1.69],[0.44889,1.53],[-0.630793,-0.51],[1.49961,2.67],[0.397158,2.42],[0.134619,1.98],[-0.102049,1.85],[0.175724,-1.28],[1.23033,1.84],[0.669054,1.82],[0.750107,-0.04],[0.471468,0.73],[0.469107,0.83],[0.352197,1.74],[-0.28555,-0.94],[0.860628,2.29],[0.893037,2.06],[0.575926,0.04],[1.31178,1.95],[-0.372649,0.09],[0.787827,1.29]]},"line":{"type":"line","lineWidth":1,"series":[[-7.6455,-6.7366185],[7.53387,8.442754]]},"correlation":0.0}
	
}